n,eeg_to_speech_top1,speech_to_eeg_top1,eeg_to_speech_top5,speech_to_eeg_top5,eeg_to_speech_mean_rank,speech_to_eeg_mean_rank,positive_cosine_mean,negative_cosine_mean,pos_minus_neg,time_shift_n,time_shift_eeg_to_speech_top1,time_shift_speech_to_eeg_top1,time_shift_eeg_to_speech_top5,time_shift_speech_to_eeg_top5,time_shift_eeg_to_speech_mean_rank,time_shift_speech_to_eeg_mean_rank,time_shift_positive_cosine_mean,time_shift_negative_cosine_mean,time_shift_pos_minus_neg,material_shift_n,material_shift_eeg_to_speech_top1,material_shift_speech_to_eeg_top1,material_shift_eeg_to_speech_top5,material_shift_speech_to_eeg_top5,material_shift_eeg_to_speech_mean_rank,material_shift_speech_to_eeg_mean_rank,material_shift_positive_cosine_mean,material_shift_negative_cosine_mean,material_shift_pos_minus_neg,fold,n_train_windows,n_val_windows,n_val_pair_keys,best_val_loss,best_epoch,final_temperature
14.0,0.14285714285714285,0.21428571428571427,0.42857142857142855,0.42857142857142855,6.857142857142857,6.357142857142857,0.5516044647864423,0.5421774386355949,0.00942702615084745,14.0,0.07142857142857142,0.0,0.2857142857142857,0.35714285714285715,7.5,7.142857142857143,0.542540946194036,0.5428746323734723,-0.00033368617943629886,14.0,0.07142857142857142,0.0,0.2857142857142857,0.35714285714285715,7.5,7.142857142857143,0.542540946194036,0.5428746323734723,-0.00033368617943629886,speaker-10_emotion-amusement,45752,882,14,2.6165477472638328,3,0.10779414978733658
14.0,0.07142857142857142,0.21428571428571427,0.35714285714285715,0.5714285714285714,7.5,5.071428571428571,0.5648289345787748,0.5607485357756464,0.004080398803128382,14.0,0.0,0.14285714285714285,0.35714285714285715,0.35714285714285715,7.571428571428571,7.214285714285714,0.5603227213969667,0.5610951675588624,-0.0007724461618956457,14.0,0.0,0.14285714285714285,0.35714285714285715,0.35714285714285715,7.571428571428571,7.214285714285714,0.5603227213969667,0.5610951675588624,-0.0007724461618956457,speaker-10_emotion-joy,45850,784,14,2.6376814459051405,1,0.10418127599251181
14.0,0.14285714285714285,0.14285714285714285,0.35714285714285715,0.35714285714285715,7.285714285714286,6.714285714285714,0.569173013517846,0.5673661562814122,0.001806857236433812,14.0,0.07142857142857142,0.07142857142857142,0.35714285714285715,0.2857142857142857,7.5,7.785714285714286,0.5670644380461237,0.5675283543946216,-0.00046391634849785035,14.0,0.07142857142857142,0.07142857142857142,0.35714285714285715,0.2857142857142857,7.5,7.785714285714286,0.5670644380461237,0.5675283543946216,-0.00046391634849785035,speaker-11_emotion-neutral,45864,770,14,2.6367797288027677,3,0.10832786137352872
14.0,0.14285714285714285,0.14285714285714285,0.42857142857142855,0.5714285714285714,6.928571428571429,4.928571428571429,0.4230951084302168,0.40678930110147893,0.016305807328737876,14.0,0.07142857142857142,0.07142857142857142,0.35714285714285715,0.42857142857142855,7.714285714285714,5.857142857142857,0.40554642363844945,0.40813919993161496,-0.0025927762931655107,14.0,0.07142857142857142,0.07142857142857142,0.35714285714285715,0.42857142857142855,7.714285714285714,5.857142857142857,0.40554642363844945,0.40813919993161496,-0.0025927762931655107,speaker-12_emotion-neutral,45752,882,14,2.593092263691009,10,0.12198392325376703
14.0,0.14285714285714285,0.14285714285714285,0.35714285714285715,0.42857142857142855,7.142857142857143,6.571428571428571,0.5959681919697354,0.593988779875958,0.0019794120937773885,14.0,0.0,0.07142857142857142,0.35714285714285715,0.2857142857142857,7.5,8.357142857142858,0.5937122610063835,0.5941623130269851,-0.0004500520206015546,14.0,0.0,0.07142857142857142,0.35714285714285715,0.2857142857142857,7.5,8.357142857142858,0.5937122610063835,0.5941623130269851,-0.0004500520206015546,speaker-13_emotion-inspiration,45766,868,14,2.624533657104738,2,0.10465223046293953
14.0,0.07142857142857142,0.14285714285714285,0.35714285714285715,0.5,7.5,5.714285714285714,0.4017361399979885,0.39414037456396733,0.007595765434021184,14.0,0.07142857142857142,0.07142857142857142,0.42857142857142855,0.35714285714285715,7.5,6.928571428571429,0.39460310778395485,0.39468906934966214,-8.596156570728208e-05,14.0,0.07142857142857142,0.07142857142857142,0.42857142857142855,0.35714285714285715,7.5,6.928571428571429,0.39460310778395485,0.39468906934966214,-8.596156570728208e-05,speaker-14_emotion-neutral,45850,784,14,2.630039236375264,7,0.11880210386278825
14.0,0.07142857142857142,0.07142857142857142,0.35714285714285715,0.6428571428571429,7.5,5.642857142857143,0.5337807049899334,0.5307938632688464,0.0029868417210869858,14.0,0.07142857142857142,0.07142857142857142,0.35714285714285715,0.35714285714285715,7.5,7.571428571428571,0.5307985066913354,0.5310232631379692,-0.00022475644663377814,14.0,0.07142857142857142,0.07142857142857142,0.35714285714285715,0.35714285714285715,7.5,7.571428571428571,0.5307985066913354,0.5310232631379692,-0.00022475644663377814,speaker-15_emotion-tenderness,45850,784,14,2.6297204749924794,1,0.10469493547874667
14.0,0.14285714285714285,0.14285714285714285,0.35714285714285715,0.42857142857142855,7.285714285714286,6.0,0.5934323327518973,0.5905045891726616,0.002927743579235753,14.0,0.07142857142857142,0.07142857142857142,0.35714285714285715,0.2857142857142857,7.571428571428571,7.285714285714286,0.5901328263164863,0.5907583973600009,-0.0006255710435145723,14.0,0.07142857142857142,0.07142857142857142,0.35714285714285715,0.2857142857142857,7.571428571428571,7.285714285714286,0.5901328263164863,0.5907583973600009,-0.0006255710435145723,speaker-16_emotion-neutral,45850,784,14,2.656484054667609,1,0.10411482402245897
14.0,0.07142857142857142,0.21428571428571427,0.35714285714285715,0.5,7.142857142857143,5.857142857142857,0.4171977361858921,0.4096681661336711,0.007529570052221046,14.0,0.07142857142857142,0.14285714285714285,0.35714285714285715,0.42857142857142855,7.428571428571429,6.857142857142857,0.4115735420916716,0.4101007964486111,0.0014727456430604913,14.0,0.07142857142857142,0.14285714285714285,0.35714285714285715,0.42857142857142855,7.428571428571429,6.857142857142857,0.4115735420916716,0.4101007964486111,0.0014727456430604913,speaker-18_emotion-anger,45752,882,14,2.630249681926909,8,0.12185189368637957
14.0,0.07142857142857142,0.14285714285714285,0.42857142857142855,0.42857142857142855,7.071428571428571,6.785714285714286,0.4883083487352498,0.48590176886147707,0.0024065798737727406,14.0,0.07142857142857142,0.07142857142857142,0.35714285714285715,0.35714285714285715,7.5,7.857142857142857,0.4857289994169687,0.4861001803474986,-0.00037118093052990186,14.0,0.07142857142857142,0.07142857142857142,0.35714285714285715,0.35714285714285715,7.5,7.857142857142857,0.4857289994169687,0.4861001803474986,-0.00037118093052990186,speaker-19_emotion-anger,45850,784,14,2.6525100001267026,1,0.10322346925817386
14.0,0.14285714285714285,0.14285714285714285,0.42857142857142855,0.5714285714285714,6.571428571428571,5.142857142857143,0.3874651351176532,0.36570545750848155,0.021759677609171635,14.0,0.07142857142857142,0.07142857142857142,0.35714285714285715,0.42857142857142855,7.642857142857143,6.928571428571429,0.36816187745034995,0.36719032348288955,0.0009715539674604035,14.0,0.07142857142857142,0.07142857142857142,0.35714285714285715,0.42857142857142855,7.642857142857143,6.928571428571429,0.36816187745034995,0.36719032348288955,0.0009715539674604035,speaker-1_emotion-fear,45752,882,14,2.602303190836831,10,0.12375983574477367
14.0,0.07142857142857142,0.07142857142857142,0.35714285714285715,0.42857142857142855,7.357142857142857,7.0,0.392596864103205,0.3887093762399664,0.0038874878632386145,14.0,0.07142857142857142,0.0,0.35714285714285715,0.35714285714285715,7.571428571428571,7.785714285714286,0.3885662741383048,0.3890194216218818,-0.00045314748357699886,14.0,0.07142857142857142,0.0,0.35714285714285715,0.35714285714285715,7.571428571428571,7.785714285714286,0.3885662741383048,0.3890194216218818,-0.00045314748357699886,speaker-1_emotion-tenderness,45850,784,14,2.6442533092839375,4,0.11261189761297263
14.0,0.07142857142857142,0.21428571428571427,0.35714285714285715,0.42857142857142855,7.428571428571429,6.571428571428571,0.5409074421892454,0.5397157790173823,0.0011916631718630333,14.0,0.07142857142857142,0.07142857142857142,0.35714285714285715,0.2857142857142857,7.5,7.571428571428571,0.5397246335831921,0.5398067642947709,-8.213071157880947e-05,14.0,0.07142857142857142,0.07142857142857142,0.35714285714285715,0.2857142857142857,7.5,7.571428571428571,0.5397246335831921,0.5398067642947709,-8.213071157880947e-05,speaker-25_emotion-inspiration,45850,784,14,2.6457679527146474,2,0.10791837001863143
14.0,0.21428571428571427,0.14285714285714285,0.42857142857142855,0.6428571428571429,6.714285714285714,4.714285714285714,0.4160183763955797,0.39346350016746723,0.022554876228112475,14.0,0.07142857142857142,0.07142857142857142,0.35714285714285715,0.5,7.357142857142857,5.857142857142857,0.39672208138164844,0.39494783055315436,0.0017742508284940839,14.0,0.07142857142857142,0.07142857142857142,0.35714285714285715,0.5,7.357142857142857,5.857142857142857,0.39672208138164844,0.39494783055315436,0.0017742508284940839,speaker-26_emotion-neutral,45752,882,14,2.6034673055013022,13,0.1277782286553928
14.0,0.07142857142857142,0.14285714285714285,0.42857142857142855,0.5,7.285714285714286,5.714285714285714,0.46404753436575774,0.45846720135340174,0.005580333012355998,14.0,0.07142857142857142,0.14285714285714285,0.35714285714285715,0.42857142857142855,7.571428571428571,7.142857142857143,0.45932173698848733,0.45883072422857635,0.0004910127599109804,14.0,0.07142857142857142,0.14285714285714285,0.35714285714285715,0.42857142857142855,7.571428571428571,7.142857142857143,0.45932173698848733,0.45883072422857635,0.0004910127599109804,speaker-27_emotion-joy,45752,882,14,2.6249581670004223,6,0.11815318935276352
14.0,0.07142857142857142,0.07142857142857142,0.35714285714285715,0.42857142857142855,7.428571428571429,6.714285714285714,0.4438863884383214,0.43976025893268383,0.004126129505637566,14.0,0.07142857142857142,0.0,0.35714285714285715,0.42857142857142855,7.5,7.571428571428571,0.44012612309430643,0.4400495101129927,7.66129813137284e-05,14.0,0.07142857142857142,0.0,0.35714285714285715,0.42857142857142855,7.5,7.571428571428571,0.44012612309430643,0.4400495101129927,7.66129813137284e-05,speaker-28_emotion-joy,45850,784,14,2.6351627622331892,4,0.11249193249385496
14.0,0.14285714285714285,0.07142857142857142,0.35714285714285715,0.5714285714285714,7.357142857142857,5.714285714285714,0.3602387305755555,0.34891765825555093,0.011321072320004566,14.0,0.07142857142857142,0.14285714285714285,0.35714285714285715,0.5,7.428571428571429,6.785714285714286,0.35013654004809036,0.3496947498345867,0.00044179021350365666,14.0,0.07142857142857142,0.14285714285714285,0.35714285714285715,0.5,7.428571428571429,6.785714285714286,0.35013654004809036,0.3496947498345867,0.00044179021350365666,speaker-28_emotion-sadness,45752,882,14,2.637148963080512,8,0.11931786307580636
14.0,0.14285714285714285,0.21428571428571427,0.42857142857142855,0.5714285714285714,6.285714285714286,5.5,0.44836578863572546,0.4291243961272738,0.019241392508451638,14.0,0.0,0.0,0.35714285714285715,0.5714285714285714,7.5,6.285714285714286,0.4294037024579808,0.43058301814094646,-0.0011793156829656426,14.0,0.0,0.0,0.35714285714285715,0.5714285714285714,7.5,6.285714285714286,0.4294037024579808,0.43058301814094646,-0.0011793156829656426,speaker-29_emotion-disgust,45752,882,14,2.584771689914522,10,0.12195125071511054
14.0,0.07142857142857142,0.14285714285714285,0.35714285714285715,0.35714285714285715,7.571428571428571,6.5,0.4571321305976996,0.4549322828698103,0.0021998477278892814,14.0,0.07142857142857142,0.07142857142857142,0.35714285714285715,0.35714285714285715,7.428571428571429,6.5,0.4554323616168356,0.4550630343298767,0.00036932728695887596,14.0,0.07142857142857142,0.07142857142857142,0.35714285714285715,0.35714285714285715,7.428571428571429,6.5,0.4554323616168356,0.4550630343298767,0.00036932728695887596,speaker-2_emotion-anger,45850,784,14,2.6464322209358215,4,0.11422501033778523
14.0,0.07142857142857142,0.21428571428571427,0.35714285714285715,0.5714285714285714,7.428571428571429,5.5,0.3822211849192331,0.3698593296593256,0.012361855259907517,14.0,0.07142857142857142,0.07142857142857142,0.35714285714285715,0.35714285714285715,7.5,7.214285714285714,0.37048712229159403,0.3707619498614517,-0.0002748275698576941,14.0,0.07142857142857142,0.07142857142857142,0.35714285714285715,0.35714285714285715,7.5,7.214285714285714,0.37048712229159403,0.3707619498614517,-0.0002748275698576941,speaker-30_emotion-tenderness,45752,882,14,2.5829174897027394,10,0.12157707369830943
14.0,0.07142857142857142,0.07142857142857142,0.35714285714285715,0.5,7.142857142857143,6.571428571428571,0.5952888020120344,0.5914164377190093,0.0038723642930250657,14.0,0.07142857142857142,0.14285714285714285,0.35714285714285715,0.5714285714285714,7.428571428571429,5.857142857142857,0.5929592043237911,0.5915956375411818,0.0013635667826092934,14.0,0.07142857142857142,0.14285714285714285,0.35714285714285715,0.5714285714285714,7.428571428571429,5.857142857142857,0.5929592043237911,0.5915956375411818,0.0013635667826092934,speaker-31_emotion-disgust,44968,1666,14,2.6399537054430535,1,0.10745111533551882
14.0,0.14285714285714285,0.21428571428571427,0.42857142857142855,0.5714285714285714,6.714285714285714,5.928571428571429,0.5123598922897853,0.5004918772292718,0.011868015060513493,14.0,0.07142857142857142,0.14285714285714285,0.35714285714285715,0.35714285714285715,7.5,7.642857142857143,0.5000816367789559,0.5014363584224125,-0.0013547216434566245,14.0,0.07142857142857142,0.14285714285714285,0.35714285714285715,0.35714285714285715,7.5,7.642857142857143,0.5000816367789559,0.5014363584224125,-0.0013547216434566245,speaker-32_emotion-tenderness,45850,784,14,2.619306198188237,7,0.11845836120414562
14.0,0.14285714285714285,0.07142857142857142,0.35714285714285715,0.35714285714285715,7.571428571428571,7.0,0.44219049884997125,0.4320140017467917,0.010176497103179527,14.0,0.14285714285714285,0.07142857142857142,0.35714285714285715,0.5,7.428571428571429,7.142857142857143,0.43274852255382995,0.4327403076157257,8.214938104267322e-06,14.0,0.14285714285714285,0.07142857142857142,0.35714285714285715,0.5,7.428571428571429,7.142857142857143,0.43274852255382995,0.4327403076157257,8.214938104267322e-06,speaker-33_emotion-fear,45738,896,14,2.585886776447296,8,0.11984665312046179
14.0,0.07142857142857142,0.21428571428571427,0.35714285714285715,0.42857142857142855,7.428571428571429,5.928571428571429,0.6033622093888785,0.5986860592035876,0.004676150185290884,14.0,0.07142857142857142,0.14285714285714285,0.35714285714285715,0.2857142857142857,7.428571428571429,6.857142857142857,0.599922502408703,0.5989506520482165,0.0009718503604865258,14.0,0.07142857142857142,0.14285714285714285,0.35714285714285715,0.2857142857142857,7.428571428571429,6.857142857142857,0.599922502408703,0.5989506520482165,0.0009718503604865258,speaker-34_emotion-disgust,45850,784,14,2.6367725942816054,1,0.10363134070853003
14.0,0.07142857142857142,0.14285714285714285,0.35714285714285715,0.21428571428571427,7.642857142857143,7.0,0.6610669294401774,0.6582103019815869,0.0028566274585904994,14.0,0.0,0.14285714285714285,0.35714285714285715,0.2857142857142857,7.857142857142857,8.071428571428571,0.6572131325169043,0.6585067478987618,-0.0012936153818575713,14.0,0.0,0.14285714285714285,0.35714285714285715,0.2857142857142857,7.857142857142857,8.071428571428571,0.6572131325169043,0.6585067478987618,-0.0012936153818575713,speaker-36_emotion-inspiration,44968,1666,14,2.6383903267002906,3,0.11046250040952965
14.0,0.14285714285714285,0.14285714285714285,0.42857142857142855,0.42857142857142855,7.0,6.642857142857143,0.5297245708345388,0.5171827696616339,0.012541801172904932,14.0,0.07142857142857142,0.07142857142857142,0.35714285714285715,0.35714285714285715,7.571428571428571,7.571428571428571,0.5162868272927972,0.5182164422417679,-0.0019296149489707037,14.0,0.07142857142857142,0.07142857142857142,0.35714285714285715,0.35714285714285715,7.571428571428571,7.571428571428571,0.5162868272927972,0.5182164422417679,-0.0019296149489707037,speaker-38_emotion-sadness,44968,1666,14,2.61111608272841,10,0.12470593356230307
14.0,0.07142857142857142,0.14285714285714285,0.42857142857142855,0.42857142857142855,7.428571428571429,6.285714285714286,0.5319231402149032,0.5283365582657005,0.003586581949202694,14.0,0.07142857142857142,0.07142857142857142,0.42857142857142855,0.35714285714285715,7.285714285714286,7.5,0.5281940490456879,0.5286234114325633,-0.0004293623868754093,14.0,0.07142857142857142,0.07142857142857142,0.42857142857142855,0.35714285714285715,7.285714285714286,7.5,0.5281940490456879,0.5286234114325633,-0.0004293623868754093,speaker-39_emotion-amusement,45850,784,14,2.6376342603138516,4,0.11113604174723932
14.0,0.07142857142857142,0.07142857142857142,0.35714285714285715,0.35714285714285715,7.357142857142857,7.214285714285714,0.6445029618548073,0.6398213202229991,0.0046816416318081755,14.0,0.07142857142857142,0.07142857142857142,0.35714285714285715,0.2857142857142857,7.357142857142857,7.928571428571429,0.6396876270957633,0.6401917305890794,-0.0005041034933160882,14.0,0.07142857142857142,0.07142857142857142,0.35714285714285715,0.2857142857142857,7.357142857142857,7.928571428571429,0.6396876270957633,0.6401917305890794,-0.0005041034933160882,speaker-3_emotion-inspiration,44968,1666,14,2.6429012543013117,4,0.11302762071951715
14.0,0.07142857142857142,0.14285714285714285,0.35714285714285715,0.35714285714285715,7.285714285714286,7.142857142857143,0.6040946089611899,0.6037775019716383,0.00031710698955167427,14.0,0.07142857142857142,0.14285714285714285,0.35714285714285715,0.2857142857142857,7.357142857142857,8.142857142857142,0.6032051782562269,0.6038459197181739,-0.0006407414619470364,14.0,0.07142857142857142,0.14285714285714285,0.35714285714285715,0.2857142857142857,7.357142857142857,8.142857142857142,0.6032051782562269,0.6038459197181739,-0.0006407414619470364,speaker-40_emotion-fear,45850,784,14,2.6503941459315166,1,0.10427157290595396
14.0,0.14285714285714285,0.21428571428571427,0.35714285714285715,0.6428571428571429,7.142857142857143,5.0,0.4087746378632245,0.4006159888142973,0.008158649048927213,14.0,0.07142857142857142,0.07142857142857142,0.42857142857142855,0.35714285714285715,7.285714285714286,7.142857142857143,0.4018387814881536,0.4011495162277643,0.0006892652603893157,14.0,0.07142857142857142,0.07142857142857142,0.42857142857142855,0.35714285714285715,7.285714285714286,7.142857142857143,0.4018387814881536,0.4011495162277643,0.0006892652603893157,speaker-40_emotion-joy,45752,882,14,2.615146671022688,7,0.11776101603376626
14.0,0.07142857142857142,0.14285714285714285,0.2857142857142857,0.35714285714285715,7.714285714285714,6.642857142857143,0.6206299900898758,0.6174389339975009,0.003191056092374911,14.0,0.07142857142857142,0.07142857142857142,0.35714285714285715,0.35714285714285715,7.571428571428571,7.357142857142857,0.617572549544504,0.6176741217317604,-0.0001015721872563713,14.0,0.07142857142857142,0.07142857142857142,0.35714285714285715,0.35714285714285715,7.571428571428571,7.357142857142857,0.617572549544504,0.6176741217317604,-0.0001015721872563713,speaker-42_emotion-fear,45850,784,14,2.6346666046551297,1,0.10383792198985185
14.0,0.14285714285714285,0.21428571428571427,0.42857142857142855,0.5,6.571428571428571,5.714285714285714,0.42589013975730516,0.4085732165999939,0.01731692315731126,14.0,0.07142857142857142,0.07142857142857142,0.35714285714285715,0.5,7.428571428571429,6.785714285714286,0.4115473845363641,0.40967650546314327,0.0018708790732208103,14.0,0.07142857142857142,0.07142857142857142,0.35714285714285715,0.5,7.428571428571429,6.785714285714286,0.4115473845363641,0.40967650546314327,0.0018708790732208103,speaker-42_emotion-neutral,45752,882,14,2.6001997296772306,8,0.11920080657345085
14.0,0.07142857142857142,0.21428571428571427,0.35714285714285715,0.5,7.428571428571429,6.5,0.6070825090876504,0.6031716655974723,0.0039108434901781175,14.0,0.07142857142857142,0.0,0.35714285714285715,0.21428571428571427,7.5,8.285714285714286,0.6029484247710928,0.6034896720833612,-0.0005412473122684558,14.0,0.07142857142857142,0.0,0.35714285714285715,0.21428571428571427,7.5,8.285714285714286,0.6029484247710928,0.6034896720833612,-0.0005412473122684558,speaker-43_emotion-amusement,45850,784,14,2.645590599094118,1,0.10385065367688356
14.0,0.14285714285714285,0.21428571428571427,0.42857142857142855,0.6428571428571429,7.071428571428571,5.0,0.46315572059665916,0.458129050239905,0.005026670356754137,14.0,0.0,0.14285714285714285,0.42857142857142855,0.5714285714285714,7.071428571428571,5.285714285714286,0.4599826144191198,0.458373135330485,0.001609479088634791,14.0,0.0,0.14285714285714285,0.42857142857142855,0.5714285714285714,7.071428571428571,5.285714285714286,0.4599826144191198,0.458373135330485,0.001609479088634791,speaker-44_emotion-amusement,45752,882,14,2.6221765109470914,6,0.1167533800632193
14.0,0.07142857142857142,0.21428571428571427,0.35714285714285715,0.42857142857142855,7.5,6.285714285714286,0.49740660219214394,0.4952833123471478,0.002123289844996157,14.0,0.07142857142857142,0.07142857142857142,0.35714285714285715,0.35714285714285715,7.5,7.428571428571429,0.4950797365593606,0.49546230201120806,-0.0003825654518474497,14.0,0.07142857142857142,0.07142857142857142,0.35714285714285715,0.35714285714285715,7.5,7.428571428571429,0.4950797365593606,0.49546230201120806,-0.0003825654518474497,speaker-46_emotion-anger,45850,784,14,2.6340609959193637,1,0.1020417080456269
14.0,0.07142857142857142,0.35714285714285715,0.42857142857142855,0.5714285714285714,6.642857142857143,5.071428571428571,0.4129690070439885,0.3996099418660095,0.013359065177978968,14.0,0.07142857142857142,0.07142857142857142,0.35714285714285715,0.42857142857142855,7.5,7.214285714285714,0.39965581485797425,0.400634033572626,-0.0009782187146517574,14.0,0.07142857142857142,0.07142857142857142,0.35714285714285715,0.42857142857142855,7.5,7.214285714285714,0.39965581485797425,0.400634033572626,-0.0009782187146517574,speaker-46_emotion-disgust,45752,882,14,2.6042511690230596,10,0.12149206234078133
14.0,0.07142857142857142,0.21428571428571427,0.35714285714285715,0.5,7.142857142857143,5.928571428571429,0.37432432124810183,0.36419738001749147,0.010126941230610365,14.0,0.07142857142857142,0.07142857142857142,0.35714285714285715,0.5714285714285714,7.428571428571429,5.928571428571429,0.3661905625542122,0.36482305376317525,0.00136750879103692,14.0,0.07142857142857142,0.07142857142857142,0.35714285714285715,0.5714285714285714,7.428571428571429,5.928571428571429,0.3661905625542122,0.36482305376317525,0.00136750879103692,speaker-48_emotion-tenderness,45752,882,14,2.59761561287774,10,0.12181056037857628
14.0,0.14285714285714285,0.14285714285714285,0.35714285714285715,0.5714285714285714,7.285714285714286,5.5,0.43510495584849324,0.4298307152329927,0.005274240615500525,14.0,0.07142857142857142,0.07142857142857142,0.35714285714285715,0.5,7.428571428571429,6.5,0.43114882844615526,0.4301350327254802,0.0010137957206750592,14.0,0.07142857142857142,0.07142857142857142,0.35714285714285715,0.5,7.428571428571429,6.5,0.43114882844615526,0.4301350327254802,0.0010137957206750592,speaker-49_emotion-amusement,45752,882,14,2.6239741718958296,6,0.11388716679692777
14.0,0.07142857142857142,0.14285714285714285,0.42857142857142855,0.42857142857142855,7.285714285714286,6.428571428571429,0.6133527376186765,0.6092509627470829,0.0041017748715935776,14.0,0.0,0.07142857142857142,0.2857142857142857,0.35714285714285715,8.142857142857142,7.857142857142857,0.6074179603745554,0.6097074840735538,-0.0022895236989983747,14.0,0.0,0.07142857142857142,0.2857142857142857,0.35714285714285715,8.142857142857142,7.857142857142857,0.6074179603745554,0.6097074840735538,-0.0022895236989983747,speaker-4_emotion-sadness,45850,784,14,2.650705873966217,1,0.10361038993120314
14.0,0.07142857142857142,0.21428571428571427,0.5,0.5,7.142857142857143,6.285714285714286,0.5900489790650681,0.5860619196771603,0.0039870593879078875,14.0,0.07142857142857142,0.14285714285714285,0.35714285714285715,0.2857142857142857,7.571428571428571,6.928571428571429,0.5863555327347282,0.5863460309333403,9.501801387923337e-06,14.0,0.07142857142857142,0.14285714285714285,0.35714285714285715,0.2857142857142857,7.571428571428571,6.928571428571429,0.5863555327347282,0.5863460309333403,9.501801387923337e-06,speaker-50_emotion-amusement,45850,784,14,2.650409753833498,1,0.10373883886613208
14.0,0.21428571428571427,0.14285714285714285,0.42857142857142855,0.5,6.5,5.571428571428571,0.4237114498622412,0.40894884189212694,0.01476260797011425,14.0,0.14285714285714285,0.07142857142857142,0.35714285714285715,0.6428571428571429,7.285714285714286,4.928571428571429,0.41161169091235567,0.40987959258057965,0.0017320983317760108,14.0,0.14285714285714285,0.07142857142857142,0.35714285714285715,0.6428571428571429,7.285714285714286,4.928571428571429,0.41161169091235567,0.40987959258057965,0.0017320983317760108,speaker-51_emotion-sadness,45752,882,14,2.589312534483652,13,0.12811018069801122
14.0,0.14285714285714285,0.14285714285714285,0.42857142857142855,0.5714285714285714,7.214285714285714,5.857142857142857,0.4915825646693004,0.48922472512856985,0.002357839540730544,14.0,0.07142857142857142,0.07142857142857142,0.35714285714285715,0.2857142857142857,7.357142857142857,8.0,0.48876837328961625,0.4894412013885456,-0.0006728280989293234,14.0,0.07142857142857142,0.07142857142857142,0.35714285714285715,0.2857142857142857,7.357142857142857,8.0,0.48876837328961625,0.4894412013885456,-0.0006728280989293234,speaker-52_emotion-sadness,45850,784,14,2.6416132961000716,4,0.11151798962686668
14.0,0.07142857142857142,0.14285714285714285,0.35714285714285715,0.42857142857142855,7.357142857142857,6.214285714285714,0.5623200888332411,0.5609106710022213,0.001409417831019888,14.0,0.07142857142857142,0.0,0.35714285714285715,0.42857142857142855,7.428571428571429,6.857142857142857,0.5614225531383273,0.5609797122095224,0.0004428409288049773,14.0,0.07142857142857142,0.0,0.35714285714285715,0.42857142857142855,7.428571428571429,6.857142857142857,0.5614225531383273,0.5609797122095224,0.0004428409288049773,speaker-53_emotion-disgust,45850,784,14,2.6349085909979686,2,0.1066734813381226
14.0,0.14285714285714285,0.14285714285714285,0.35714285714285715,0.5,7.428571428571429,6.571428571428571,0.45068987383718956,0.44909988821763075,0.0015899856195588091,14.0,0.07142857142857142,0.07142857142857142,0.35714285714285715,0.42857142857142855,7.571428571428571,6.785714285714286,0.4493915008170946,0.4491997630653302,0.0001917377517643981,14.0,0.07142857142857142,0.07142857142857142,0.35714285714285715,0.42857142857142855,7.571428571428571,6.785714285714286,0.4493915008170946,0.4491997630653302,0.0001917377517643981,speaker-53_emotion-joy,45766,868,14,2.63541474265437,4,0.11293355776959411
14.0,0.14285714285714285,0.14285714285714285,0.35714285714285715,0.42857142857142855,7.357142857142857,6.285714285714286,0.41624750889653644,0.40593284982375105,0.010314659072785393,14.0,0.07142857142857142,0.0,0.35714285714285715,0.35714285714285715,7.357142857142857,8.142857142857142,0.4058264818928418,0.4067344672855737,-0.0009079853927319026,14.0,0.07142857142857142,0.0,0.35714285714285715,0.35714285714285715,7.357142857142857,8.142857142857142,0.4058264818928418,0.4067344672855737,-0.0009079853927319026,speaker-5_emotion-fear,45752,882,14,2.627591231512645,8,0.1201067492351696
14.0,0.07142857142857142,0.21428571428571427,0.42857142857142855,0.5,7.285714285714286,5.428571428571429,0.49153276488344044,0.48811591321001985,0.0034168516734205956,14.0,0.07142857142857142,0.14285714285714285,0.2857142857142857,0.35714285714285715,7.571428571428571,6.928571428571429,0.4880106624024683,0.48838684417009465,-0.0003761817676263268,14.0,0.07142857142857142,0.14285714285714285,0.2857142857142857,0.35714285714285715,7.571428571428571,6.928571428571429,0.4880106624024683,0.48838684417009465,-0.0003761817676263268,speaker-5_emotion-neutral,45850,784,14,2.6380330494471957,4,0.11165654571932271
14.0,0.14285714285714285,0.14285714285714285,0.42857142857142855,0.7857142857142857,6.571428571428571,4.928571428571429,0.32318160201322854,0.3061624252278613,0.01701917678536724,14.0,0.07142857142857142,0.07142857142857142,0.35714285714285715,0.5714285714285714,7.357142857142857,5.5,0.31034777941910324,0.30714964235048636,0.0031981370686168797,14.0,0.07142857142857142,0.07142857142857142,0.35714285714285715,0.5714285714285714,7.357142857142857,5.5,0.31034777941910324,0.30714964235048636,0.0031981370686168797,speaker-6_emotion-neutral,45752,882,14,2.607133668566507,13,0.12768905408448103
14.0,0.07142857142857142,0.21428571428571427,0.35714285714285715,0.5714285714285714,7.285714285714286,5.5,0.39519626349941755,0.3800454403239895,0.015150823175428041,14.0,0.07142857142857142,0.07142857142857142,0.35714285714285715,0.5,7.428571428571429,6.214285714285714,0.38182783226273115,0.38107378118835,0.0007540510743811457,14.0,0.07142857142857142,0.07142857142857142,0.35714285714285715,0.5,7.428571428571429,6.214285714285714,0.38182783226273115,0.38107378118835,0.0007540510743811457,speaker-7_emotion-anger,45738,896,14,2.6349506564438343,9,0.12131171437992051
14.0,0.14285714285714285,0.14285714285714285,0.42857142857142855,0.5714285714285714,7.214285714285714,6.285714285714286,0.499247355285154,0.4948182643435559,0.004429090941598102,14.0,0.07142857142857142,0.14285714285714285,0.35714285714285715,0.2857142857142857,7.571428571428571,7.714285714285714,0.4948324472973304,0.49515787265031164,-0.00032542535298124564,14.0,0.07142857142857142,0.14285714285714285,0.35714285714285715,0.2857142857142857,7.571428571428571,7.714285714285714,0.4948324472973304,0.49515787265031164,-0.00032542535298124564,speaker-8_emotion-anger,45752,882,14,2.6351109572819302,4,0.11114170775485008
14.0,0.14285714285714285,0.07142857142857142,0.35714285714285715,0.2857142857142857,7.428571428571429,7.642857142857143,0.6149375171720387,0.6137055707819307,0.0012319463901080407,14.0,0.0,0.14285714285714285,0.35714285714285715,0.21428571428571427,7.571428571428571,7.928571428571429,0.6139781551215849,0.6137793678627348,0.0001987872588501416,14.0,0.0,0.14285714285714285,0.35714285714285715,0.21428571428571427,7.571428571428571,7.928571428571429,0.6139781551215849,0.6137793678627348,0.0001987872588501416,speaker-8_emotion-fear,45850,784,14,2.6449200298104967,1,0.10427587616961258
14.0,0.07142857142857142,0.07142857142857142,0.35714285714285715,0.5,7.071428571428571,6.285714285714286,0.45618235030354615,0.44810226331857494,0.008080086984971202,14.0,0.07142857142857142,0.07142857142857142,0.35714285714285715,0.35714285714285715,7.571428571428571,7.428571428571429,0.44898691976606886,0.44865575797530394,0.00033116179076492225,14.0,0.07142857142857142,0.07142857142857142,0.35714285714285715,0.35714285714285715,7.571428571428571,7.428571428571429,0.44898691976606886,0.44865575797530394,0.00033116179076492225,speaker-9_emotion-joy,45850,784,14,2.6214459453310286,7,0.11861589301565356
14.0,0.14285714285714285,0.21428571428571427,0.5,0.5,6.5,4.928571428571429,0.3616153318608796,0.34337855803296496,0.01823677382791461,14.0,0.07142857142857142,0.07142857142857142,0.42857142857142855,0.5714285714285714,7.428571428571429,5.785714285714286,0.3472490065124516,0.344483659982844,0.002765346529607582,14.0,0.07142857142857142,0.07142857142857142,0.42857142857142855,0.5714285714285714,7.428571428571429,5.785714285714286,0.3472490065124516,0.344483659982844,0.002765346529607582,speaker-9_emotion-tenderness,45752,882,14,2.5829952065906827,12,0.1278125639359321
